<publishData>
  <publishTarget publishUrl="\\GDC-Data\Home\vichareN\Profile\Desktop\">
    <file relUrl="Web.config" publishTime="01/29/2018 16:33:59" />
    <file relUrl="bin/SanctionAdapter.dll.config" publishTime="01/29/2018 18:08:06" />
    <file relUrl="bin/System.Net.Http.Extensions.dll" publishTime="12/07/2017 20:53:59" />
    <file relUrl="bin/Newtonsoft.Json.xml" publishTime="12/05/2017 20:22:05" />
    <file relUrl="bin/System.Net.Http.Primitives.xml" publishTime="12/07/2017 20:54:00" />
    <file relUrl="bin/Castle.Core.xml" publishTime="01/24/2018 18:36:45" />
    <file relUrl="bin/Castle.Core.dll" publishTime="01/24/2018 18:36:45" />
    <file relUrl="SanctionAdapter.SanctionCheckService.svc" publishTime="01/29/2018 18:09:45" />
    <file relUrl="bin/WcfServiceLibrary1.pdb" publishTime="01/17/2018 13:08:56" />
    <file relUrl="bin/System.Net.Http.Extensions.xml" publishTime="12/07/2017 20:53:59" />
    <file relUrl="bin/Newtonsoft.Json.dll" publishTime="12/05/2017 20:22:05" />
    <file relUrl="bin/System.Net.Http.Primitives.dll" publishTime="12/07/2017 20:53:59" />
    <file relUrl="bin/SanctionAdapter.dll" publishTime="01/29/2018 18:08:14" />
    <file relUrl="bin/SanctionAdapter.pdb" publishTime="01/29/2018 18:08:15" />
    <file relUrl="bin/WcfServiceLibrary1.dll" publishTime="01/17/2018 13:08:53" />
    <file relUrl="bin/WcfServiceLibrary1.dll.config" publishTime="01/17/2018 13:08:36" />
  </publishTarget>
</publishData>