<publishData>
  <publishTarget publishUrl="\\GDC-Data\Home\vichareN\Profile\Desktop\">
    <file relUrl="Web.config" publishTime="01/17/2018 12:52:39" />
    <file relUrl="bin/SanctionCheck.dll" publishTime="01/17/2018 14:16:54" />
    <file relUrl="bin/Newtonsoft.Json.xml" publishTime="12/05/2017 20:22:05" />
    <file relUrl="bin/SanctionCheck.pdb" publishTime="01/17/2018 14:16:52" />
    <file relUrl="SanctionCheck.SanctionCheck.svc" publishTime="01/17/2018 14:17:35" />
    <file relUrl="bin/System.Net.Http.Primitives.xml" publishTime="12/07/2017 20:54:00" />
    <file relUrl="bin/System.Net.Http.Extensions.dll" publishTime="12/07/2017 20:53:59" />
    <file relUrl="bin/System.Net.Http.Extensions.xml" publishTime="12/07/2017 20:53:59" />
    <file relUrl="bin/Newtonsoft.Json.dll" publishTime="12/05/2017 20:22:05" />
    <file relUrl="bin/System.Net.Http.Primitives.dll" publishTime="12/07/2017 20:53:59" />
    <file relUrl="bin/SanctionCheck.dll.config" publishTime="01/17/2018 14:16:44" />
  </publishTarget>
</publishData>